"method","lambda","precision","recall","F1"
"inspre",0.247070598292026,0.772277227722772,0.728971962616822,0.75
"ADAPRE",0.247070598292026,0.905660377358491,0.897196261682243,0.901408450704225
